Id_cte|Nombre_cte|Ap_cte|Am_cte|Mail_cte|Ref_cte|Mes_registro|Anio_registro
1|Óscar|Quezada|Marrero|mercedesbustos@hotmail.com||1|2023
2|Isabela|Puente|Esquivel|sde-la-rosa@torrez.com||1|2023
3|Miguel Ángel|Rosas|Fierro|tfigueroa@luevano-tapia.info||1|2023
4|Victoria|Estrada|Soria|avileshomero@hotmail.com|1|1|2023
5|Concepción|Solís|Altamirano|valladaresjose-luis@gmail.com|1|1|2023
6|Israel|Soto|Toledo|munizamador@nino-lara.com|1|1|2023
7|Dalia|Pizarro|Garibay|angelarias@hotmail.com|1|1|2023
8|Alonso|Vásquez|Aguirre|saradelgadillo@hotmail.com|1|1|2023
9|Mariana|Reyna|Villareal|dbaca@hotmail.com|1|1|2023
10|Ana Luisa|Rivas|Regalado|mverduzco@laboratorios.com|2|2|2023
11|Leticia|Vigil|Mercado|natividadregalado@yahoo.com|2|2|2023
12|Mauro|Solorio|Zamora|rojasbenito@hotmail.com|2|2|2023
13|Lilia|Iglesias|Vaca|luzorosco@gmail.com|3|2|2023
14|Sonia|Padrón|Peres|cruiz@cortes-jurado.com|3|2|2023
15|Nancy|Barraza|Amaya|ruby61@ornelas.com|3|2|2023
16|Carolina|Burgos|Collazo|fernandoteran@corporacin.net|4|2|2023
17|Linda|Gutiérrez|Ledesma|ortaalma@hotmail.com|4|2|2023
18|Nicolás|Mayorga|Avilés|hidalgobruno@hotmail.com|4|2|2023
19|Aida|Ochoa|Mireles|galonso@yahoo.com|4|2|2023
20|Luis Manuel|Bétancourt|Terrazas|manuel70@gmail.com|5|2|2023
21|Alberto|Olivas|Aguayo|alfonso36@gmail.com|5|2|2023
22|Celia|Granados||luisa03@proyectos.com|5|2|2023
23|Estela|Puga|Ramón|omar04@gmail.com|5|2|2023
24|Abigail|Aguilera|Pantoja|romeroivonne@hotmail.com|5|2|2023
25|Fabiola|Concepción||luisagalvez@gmail.com|5|2|2023
26|Jaqueline|Rodarte|Mondragón|alemancarlos@proyectos.biz|5|2|2023
27|Diana|Almonte||mhurtado@hotmail.com|5|2|2023
28|Elvira|Morales|Nieto|gloria02@corporacin.info|6|2|2023
29|Dulce María|Alba|Castro|orozcosara@magana.com|6|2|2023
30|Eric|Esquivel||antonio97@yahoo.com|6|3|2023
31|María Elena|Jaimes|Armenta|camilarendon@valenzuela.com|6|3|2023
32|Martín|Castro|Báez|cornelioparra@gmail.com|6|3|2023
33|Mateo|Loya||jose-maria01@yahoo.com|6|3|2023
34|Ana|Arroyo|Cardenas|zedillonoelia@gmail.com|6|3|2023
35|Rebeca|Rosado|Barragán|patinomiguel@club.com|6|3|2023
36|Salvador|Díaz|Santiago|melgarjudith@yahoo.com|6|3|2023
37|Dulce|Gaytán|Reynoso|bernabeolmos@henriquez-rincon.com|6|3|2023
38|Leonel|Escalante|Dávila|adrianacarvajal@gmail.com|7|3|2023
39|María Luisa|Toro|Bernal|espinosaantonio@nieto-pulido.org|7|3|2023
40|Reina|Prieto|Rodríguez|navarrogabino@hotmail.com|7|3|2023
41|Luis Miguel|Espinal||berta40@caraballo-ballesteros.com|7|3|2023
42|Oswaldo|del Valle|Carrillo|ornelasisabel@anaya.com|7|3|2023
43|Óliver|Benítez|Arenas|arredondomaria-teresa@yahoo.com|7|3|2023
44|Olga|Enríquez|Velázquez|marco-antonioirizarry@rivas.com|7|3|2023
45|Ruby|Arredondo|Cabán|laura50@gmail.com|1|3|2023
46|Emilio|Pizarro|Ozuna|maria-cristinaholguin@corporacin.com|1|3|2023
47|Rebeca|Puga|Corona|peraltadulce-maria@hotmail.com|2|3|2023
48|Rosalia|Flórez|Vallejo|guillerminanegron@hotmail.com|2|3|2023
49|Humberto|Noriega|Olmos|leticiavelasquez@hotmail.com|2|4|2023
50|Sonia|Granados|Velázquez|joaquincoronado@gmail.com|2|4|2023
51|Clemente|Benítez|Irizarry|beatrizvelasquez@linares.com|4|4|2023
52|Alfonso|Armendáriz||rubennevarez@gmail.com|4|4|2023
53|Amador|Terrazas|Salgado|arroyogustavo@gmail.com|4|4|2023
54|Raquel|Berríos|Carbajal|mateohuerta@hotmail.com|4|4|2023
55|Mariano|Campos|Olivares|oliver19@corporacin.org|4|4|2023
56|José Luis|Manzanares|Zaragoza|yolanda80@gmail.com|4|4|2023
57|Lucas|Calvillo|Urías|dmondragon@gmail.com|4|4|2023
58|Nicolás|Ortega|Griego|tomas49@yahoo.com|6|4|2023
59|Karla|Nieto|Pérez|luisa32@chavez.biz|6|4|2023
60|Antonio|Apodaca||patriciagallardo@club.com|6|4|2023
61|Vanesa|Paredes||menchacaana-luisa@gamez-rascon.com|6|5|2023
62|José María|Posada|Vázquez|ramiro12@industrias.info|6|5|2023
63|Hilda|Rodarte|Valverde|mauriciofonseca@yahoo.com|6|5|2023
64|Luis|Orellana|Ceja|angelicaabrego@lozano.biz|7|5|2023
65|Elisa|Palomo|Loera|reneromo@hotmail.com|7|5|2023
66|Frida|Ulloa|Prado|alberto28@yahoo.com|7|5|2023
67|Serafín|Cortés|Segura|olga64@grupo.net|7|5|2023
68|Nicolás|Rascón|Rael|anabelsevilla@hotmail.com|7|5|2023
69|Fabiola|Jaramillo|Guevara|ipartida@yahoo.com|7|5|2023
70|Yuridia|Tafoya|Quintero|lopezzeferino@santiago-arriaga.com|7|5|2023
71|Rodrigo|Escobar||marcos06@gracia.org|7|5|2023
72|Camilo|Feliciano|Maya|aguilarcynthia@marrero-godinez.com|7|5|2023
73|Soledad|Mateo|Segura|flopez@moreno.com|8|5|2023
74|Alma|Méndez|Borrego|ballesterosleonardo@hotmail.com|8|5|2023
75|Julio|Narváez|Bueno|ivan97@yahoo.com|8|5|2023
76|Israel|Botello||francisco-javier52@gmail.com|8|5|2023
77|Serafín|Rojo|Colunga|rincongerardo@rivero.com|8|6|2023
78|Rolando|Melgar||toledoleonardo@club.net|8|6|2023
79|Iván|Fajardo|Verduzco|alejandra64@club.com|8|6|2023
80|Teodoro|Mascareñas|Bueno|modesto61@cotto.biz|8|6|2023
81|Rolando|Saldaña|Morales|asuncionornelas@hotmail.com|8|6|2023
82|Abraham|Ortega|Ortega|jacinto00@hotmail.com|8|6|2023
83|Emilio|Aparicio|Pichardo|ledesmajulio@hotmail.com|8|6|2023
84|Jaime|Zavala|Bernal|casasesmeralda@gmail.com|8|6|2023
85|Adalberto|Reyna|Solorzano|cornelio76@hotmail.com|8|6|2023
86|Abigail|Tello|Dueñas|karla47@grupo.biz|1|6|2023
87|Zoé|Enríquez|Aranda|gabriel60@hotmail.com|1|6|2023
88|Nelly|Sanches|Escobedo|adrianaosorio@urena-paredes.com|1|6|2023
89|Eugenio|Cuellar|González|cristian98@hotmail.com|1|6|2023
90|Caridad|Mesa|Valle|nfernandez@hotmail.com|1|6|2023
91|Sandra|Polanco|Partida|eramirez@proyectos.org|1|6|2023
92|Estefanía|Arriaga|Parra|tejadarenato@flores.com|1|7|2023
93|María del Carmen|Adame|Ocampo|samuel69@club.net|1|7|2023
94|Marcela|Ayala|Tamayo|wsamaniego@solorzano-zaragoza.com|1|7|2023
95|José Emilio|Juárez|Blanco|catalina01@hotmail.com|1|7|2023
96|José|Ocampo|Reyes|quesadabeatriz@jaime.com|1|7|2023
97|Florencia|Zamudio|Godínez|jduran@pelayo.com|4|7|2023
98|Aldonza|de la Crúz|Padilla|pascualponce@gmail.com|4|7|2023
99|Reynaldo|Villaseñor|Pabón|porfirio99@yahoo.com|4|7|2023
100|Abelardo|Sierra|Arteaga|mesaestefania@grupo.com|4|7|2023
101|Marisol|Menchaca||rorta@gmail.com|4|7|2023
102|Diana|Longoria|Quiroz|barajasnadia@zelaya.com|4|8|2023
103|Victoria|Díaz|Cortés|maderaeduardo@negron.com|4|8|2023
104|Israel|Espino|Gil|trujilloguillermo@villanueva-ramon.biz|4|8|2023
105|Espartaco|Lomeli|Solorzano|lvelazquez@industrias.net|4|8|2023
106|María|Muro|Mojica|serafin06@hotmail.com|4|8|2023
107|Nadia|Otero||delgadoantonia@hotmail.com|4|8|2023
108|Jerónimo|Palomo|Beltrán|gabino55@gmail.com|4|8|2023
109|Emilia|Cavazos|Medrano|arreolapablo@grupo.info|4|8|2023
110|Dalia|Nevárez|Pizarro|teresaanguiano@laboratorios.org|4|8|2023
111|Arturo|Pantoja|Hernádez|silviarincon@industrias.info|9|8|2023
112|Vicente|Beltrán||augustocordova@serrato-orozco.com|9|8|2023
113|Carla|Fonseca|Rojas|kpuente@rosado.biz|9|8|2023
114|Leticia|Ybarra|Galindo|rebecamontenegro@hotmail.com|9|8|2023
115|Leonardo|Sosa||zamudiocynthia@yahoo.com|9|9|2023
116|Benito|Rendón|Pineda|gvillalpando@yahoo.com|9|9|2023
117|Linda|Holguín|Meraz|andreazarate@yahoo.com|9|9|2023
118|José María|Echeverría|Noriega|gregoriomejia@grijalva-leon.org|9|9|2023
119|Bernardo|Beltrán|Romo|montanomarcos@gmail.com|9|9|2023
120|Felipe|Mena|Molina|ajurado@hotmail.com|10|9|2023
121|Ángel|Balderas|Casanova|malavereina@hotmail.com|19|9|2023
122|Raquel|Olivo|Zelaya|de-leonjulio@gmail.com|10|9|2023
123|Rosalia|Ceballos|Portillo|vfranco@gmail.com|10|9|2023
124|Dulce María|de la Rosa|Pérez|elisa85@ceballos.com|2|9|2023
125|Pascual|Feliciano|Lomeli|rebecatejeda@laboratorios.com|2|10|2023
126|Sandra|Córdova|Rangel|alvaromagana@proyectos.com|2|10|2023
127|Andrea|Leiva|Sanches|barelaasuncion@orozco.com|2|10|2023
128|Bernardo|Romero|Sevilla|pilarconcepcion@proyectos.com|2|10|2023
129|Anel|Padrón|Pabón|marisol40@yahoo.com|3|10|2023
130|Elsa|Rael|Arellano|jsamaniego@yahoo.com|3|10|2023
131|José Emilio|Nevárez|Rosales|rivasalfredo@gmail.com|3|10|2023
132|Adriana|Fierro|Arguello|longoriaanabel@laboratorios.biz|3|10|2023
133|Amador|Corrales|Marrero|roybalagustin@valenzuela-cintron.com|3|10|2023
134|Rosario|Pabón|Lomeli|lilia16@yahoo.com|3|10|2023
135|Arturo|Vaca|de Jesús|ibriseno@espinoza.net|3|10|2023
136|Aldonza|Gutiérrez|Carbajal|gamaya@yahoo.com|3|10|2023
137|Eric|Zaragoza|Ulibarri|patriciabernal@gmail.com|3|10|2023
138|Maximiliano|Tejada|Negrón|madrigalgerardo@club.com|5|10|2023
139|Rosa|Cadena|Carrasco|ztamayo@hotmail.com|5|10|2023
140|Micaela|Berríos|Guevara|bteran@hotmail.com|5|10|2023
141|René|Quezada||yocasio@hotmail.com|5|10|2023
142|Jacobo|Castro|Roybal|hcortez@paz.com|5|10|2023
143|Ángel|Barreto|Zavala|antonio25@armenta.net|5|10|2023
144|Carmen|Tijerina|Montemayor|armentamaria-luisa@hotmail.com|5|10|2023
145|Estela|Montemayor|Meraz|augustogaray@gmail.com|6|10|2023
146|Ricardo|Miranda|Bonilla|villaevelio@hotmail.com|6|10|2023
147|Irma|Maya|Peña|saraocampo@proyectos.com|6|10|2023
148|Mayte|Lucero||ana-maria80@hotmail.com|6|10|2023
149|Alfredo|Tapia|Hernández|castellanosnelly@jasso.com|6|10|2023
150|Francisco|Zamora|Salazar|mtamayo@hotmail.com|6|10|2023
151|Cecilia|Zapata|Sáenz|elisa76@ornelas.net|6|11|2023
152|Inés|Méndez|López|marisol83@laboratorios.com|6|11|2023
153|Sara|Guzmán|Lugo|claudiourbina@yahoo.com|6|11|2023
154|Dolores|Mena|Velasco|nellyde-la-rosa@gmail.com|6|11|2023
155|Wendolin|Preciado|Aranda|gsaavedra@yahoo.com|3|11|2023
156|Alvaro|Barreto|Vigil|munozenrique@porras-mascarenas.info|3|11|2023
157|Miguel Ángel|Rivas|Márquez|evallejo@grupo.com|3|11|2023
158|Marisela|Cervántez|Bermúdez|whernadez@yahoo.com|3|11|2023
159|Bruno|Sepúlveda|Zayas|rmaya@hotmail.com|3|11|2023
160|Emiliano|Nevárez||lmiramontes@ortega-muniz.com|3|11|2023
161|Amelia|Valdivia|Terrazas|rosalia56@gmail.com|3|11|2023
162|Olga|Páez|Salas|pugajos@olivera.biz|3|11|2023
163|Teresa|Mayorga|de León|trinidadvarela@gmail.com|1|11|2023
164|Dulce|Ocampo|Ortega|marianourrutia@tafoya-anaya.com|1|11|2023
165|Patricio|Benítez|Lebrón|oscarmesa@marrero.com|1|11|2023
166|Emilia|Trejo|Trujillo|aespinoza@quiroz-muro.com|1|11|2023
167|Bruno|Maldonado|Carrera|calvilloluis@gmail.com|1|11|2023
168|Leonel|Delgado|Quezada|israelalcala@fernandez.biz|1|11|2023
169|Francisco Javier|Berríos|del Río|mcaballero@hotmail.com|1|11|2023
170|Eva|Rodríguez||carlossoliz@lucio.com|1|11|2023
171|Margarita|Zaragoza|Valdez|auroralucio@despacho.com|1|11|2023
172|Espartaco|Bernal|Borrego|despinosa@gmail.com|1|11|2023
173|Andrea|Piña|Vigil|hgamboa@gmail.com|1|11|2023
174|Jorge|Medina|Mejía|jaqueline11@de.com|2|11|2023
175|Leonel|Quiñones||tregalado@club.com|2|11|2023
176|Claudio|Cervántez|Robledo|elsa02@grupo.info|2|11|2023
177|Arcelia|Llamas|Avilés|tanialugo@botello.com|2|11|2023
178|Serafín|Alfaro|Mireles|jonasceja@yahoo.com|2|11|2023
179|Amador|Tejada|Chavarría|vmontemayor@sarabia.biz|7|11|2023
180|Aurelio|Cantú|Castellanos|mascarenasdaniela@gmail.com|7|11|2023
181|María|Espinoza|Suárez|albajeronimo@despacho.biz|7|11|2023
182|Zoé|Esparza|Peralta|alvaro21@yahoo.com|7|11|2023
183|Virginia|Orozco|Guerrero|albertoyanez@industrias.com|7|11|2023
184|Conchita|Palomo|Urbina|pablo69@gmail.com|9|11|2023
185|Socorro|de la Torre|Colón|capodaca@yahoo.com|9|11|2023
186|Caridad|Gracia|Hernández|carlota75@yahoo.com|9|11|2023
187|Martha|Marroquín|Candelaria|naranjomarisela@yahoo.com|9|11|2023
188|Esparta|Sanabria|Armas|paulina34@ojeda.biz|9|11|2023
189|Cristina|Mondragón|Barela|armaspatricio@crespo-trevino.com|9|11|2023
190|Isabela|Velázquez||oterogabriel@alfaro.org|9|11|2023
191|Ernesto|Zavala|Rincón|esquibelelvira@yahoo.com|6|11|2023
192|Ángela|Moya|Campos|mariojuarez@suarez-mireles.com|6|11|2023
193|Karla|Raya||francisca88@yahoo.com|6|11|2023
194|Augusto|Alva|Olivo|mauriciochacon@hotmail.com|6|11|2023
195|Luz|Borrego|Piña|manuel75@laboy.info|6|11|2023
196|Olivia|Marrero|Griego|rendonespartaco@hotmail.com|6|11|2023
197|María del Carmen|Solorzano|Valle|marisolrincon@villa.com|6|11|2023
198|Darío|Ibarra||norma91@santacruz.com|3|11|2023
199|Concepción|Rivero|Sepúlveda|doloressalazar@yahoo.com|3|11|2023
200|Nancy|Noriega||harojaime@gmail.com|3|11|2023
201|Araceli|Vélez|Robles|benitezmaria-elena@hotmail.com|3|11|2023
202|René|Rivas|Cuellar|aleyva@villanueva-orellana.com|3|11|2023
203|Dulce|Quiñones|Díaz|palaciosoliver@hotmail.com|3|11|2023
204|Juan|Gamez||aquinonez@navarro.org|3|11|2023
205|Fabiola|Naranjo|Piña|cristobal98@valenzuela.biz|3|11|2023
206|Dulce María|Ávila||alfonsoortega@juarez-tellez.com|3|11|2023
207|Tania|Gálvez|Rendón|rebecajiminez@club.info|3|11|2023
208|Omar|Bermúdez|Quintero|eliaslovato@hotmail.com|2|11|2023
209|Judith|Caballero|Angulo|marisela55@gmail.com|2|11|2023
210|Barbara|Pabón|Roybal|kfuentes@yahoo.com|2|11|2023
211|Miriam|Avilés|Santiago|karina78@gmail.com|2|11|2023
212|Diana|Casillas|Mora|drobledo@corporacin.com|2|11|2023
213|Rosario|Villaseñor|Salcido|banuelossandra@gmail.com|2|11|2023
214|Eloisa|Casanova|López|psegovia@alva.com|2|11|2023
215|Fabiola|Echeverría|Barragán|galvezsonia@hotmail.com|2|11|2023
216|Julia|Chapa|Quiñónez|ogaray@hotmail.com|1|11|2023
217|María del Carmen|Garza|Cintrón|jose-manuelyanez@tamez-carvajal.biz|1|11|2023
218|Aurelio|Díaz|Viera|jose-luis64@polanco-casas.com|1|11|2023
219|Gustavo|Aguirre|de León|eric79@yahoo.com|1|11|2023
220|Olga|Santana|Mejía|yzayas@yahoo.com|1|11|2023
221|Benito|Hinojosa|Hernandes|zarateindira@de.info|1|11|2023
222|María José|Madrid|Rivas|ccardona@gmail.com|1|11|2023
223|Barbara|Espinal|Ruiz|jacobo96@yahoo.com|1|11|2023
224|Marcela|Brito|Luna|oteroluis-miguel@gmail.com|4|11|2023
225|Reynaldo|Quintanilla|Samaniego|echeverriaporfirio@olivo-montemayor.com|4|11|2023
226|Aurora|Tejeda|Díaz|ivonne72@sandoval.org|4|11|2023
227|Celia|Roldán|Carrera|norellana@hotmail.com|4|11|2023
228|Lourdes|Tello|Montemayor|julia38@abrego-castro.com|4|11|2023
229|Felix|Escobedo|Rivera|andrescadena@yahoo.com|6|11|2023
230|Elias|Godoy|Mejía|flaviovazquez@betancourt.com|6|11|2023
231|Tania|Ocampo||herreraomar@gmail.com|6|11|2023
232|Uriel|Acosta|Ceja|hernandezrosalia@yahoo.com|6|11|2023
233|Eloy|Batista|Luna|nelly29@cruz.info|7|11|2023
234|Enrique|Vallejo|Orellana|fernandezbenito@de.com|7|11|2023
235|Lourdes|Córdova|Partida|hrodriguez@hotmail.com|7|11|2023
236|Rosario|Domínguez|Borrego|eric58@yahoo.com|7|11|2023
237|Magdalena|Valdez|Montañez|icarrion@yahoo.com|8|11|2023
238|Omar|González||caraballoabigail@club.net|8|11|2023
239|Amalia|Alcántar|Caldera|pablorivas@laboratorios.biz|8|11|2023
240|Homero|de la Fuente|Gómez|samaniegoluis@gmail.com|8|12|2023
241|Sonia|Carranza|Carranza|xveliz@terrazas-galarza.com|9|12|2023
242|Claudio|Guerra|Toro|geronimobenavidez@industrias.net|9|12|2023
243|Armando|Alemán|Colunga|esegovia@de.com|9|12|2023
244|Juan|Cepeda|Lebrón|socorrobarreto@mojica-alonso.biz|9|12|2023
245|Jerónimo|Alvarez||hector90@gmail.com|9|12|2023
246|Eloisa|Santiago|Rodríguez|tsanches@valdivia-posada.com|9|12|2023
247|Karla|Brito|Alvarez|luisa41@gmail.com|9|12|2023
248|César|Castañeda|Olivárez|lunaluis-miguel@casanova.info|1|12|2023
249|David|Paredes||ramonhomero@holguin-sandoval.org|1|12|2023
250|Angélica|Pineda|Villa|karla43@industrias.com|1|12|2023
251|Eric|Mondragón||elizondosalvador@yanez-resendez.com|2|12|2023
252|Horacio|Cervantes|Rendón|teresa39@del.org|2|12|2023
253|Hilda|Pichardo|Naranjo|luis-manuel57@proyectos.biz|2|12|2023
254|Tania|Cortez|Mayorga|maria-teresa13@garay.com|3|12|2023
255|Fabiola|Ontiveros|Orosco|ricoramiro@gmail.com|3|12|2023
256|Pablo|Rojas|Carmona|mercedes25@industrias.com|3|12|2023
257|Josefina|Almaraz|Caldera|xmarquez@naranjo.org|3|12|2023
258|Roberto|Salazar|Terán|olmosevelio@yahoo.com|3|12|2023
259|Porfirio|Benítez||julio-cesarvaldivia@hotmail.com|3|12|2023
260|Zoé|de la Garza|Lovato|duenasisabela@yahoo.com|3|12|2023
261|Alejandro|Mireles|Carrión|geronimorivera@hotmail.com|4|12|2023
262|Alicia|Rentería|Rendón|galvezhilda@hotmail.com|4|12|2023
263|Silvia|Pérez|Cabrera|toquendo@yahoo.com|4|12|2023
264|Linda|Ocampo|Rosado|roquegraciela@club.com|4|12|2023
265|Salma|Batista|Cepeda|godinezevelio@tello-najera.biz|4|12|2023
266|Cristal|Partida|Lucero|cgarica@club.com|4|12|2023
267|Asunción|Campos|Benítez|ortegapatricia@gmail.com|4|12|2023
268|Noemí|Villalpando|Medrano|aurora15@gmail.com|5|12|2023
269|Adela|Carvajal|Gálvez|ninoricardo@yahoo.com|5|12|2023
270|Francisco|Almanza|Montoya|pedronajera@haro.biz|5|12|2023
271|Socorro|Archuleta|Lemus|lilia58@portillo.org|5|12|2023
272|Florencia|Leal||paulina60@club.biz|5|12|2023
273|Mauro|Hernandes|Bañuelos|angelicavillegas@club.biz|5|12|2023
274|Marcos|Quiñones||qelizondo@hotmail.com|5|12|2023
275|Emilio|Colunga|Lovato|uorozco@hotmail.com|5|12|2023
276|Abel|Lerma|Orellana|oswaldoceja@yahoo.com|5|12|2023
277|Leonor|Amador|Romo|pascual49@gmail.com|6|12|2023
278|Salma|Peña|Acosta|oromo@gmail.com|6|12|2023
279|Luis Manuel|Ornelas|Espinoza|delgadillonelly@gmail.com|6|12|2023
280|Óscar|Piña|Lerma|yperes@gastelum-guerra.info|6|12|2023
281|Genaro|Jimínez|Esquivel|pinedagabino@yahoo.com|6|12|2023
282|Fabiola|Benítez||rosaliabalderas@hotmail.com|2|12|2023
283|Martín|Feliciano|Santana|vasquezluis@gmail.com|7|12|2023
284|Cynthia|Mascareñas|Otero|zelayaleonardo@proyectos.com|9|12|2023
285|María Elena|Barrios|Holguín|pamela98@griego.net|1|12|2023
286|Augusto|Mota|Naranjo|rafaelsaldana@hotmail.com|2|12|2023
287|Dolores|Solís|Almaraz|fernandoorellana@laboratorios.com|3|12|2023
288|Camila|Garica|Negrón|maximilianozavala@industrias.com|4|12|2023
289|Juan|Piña|de Jesús|vallesamelia@olivarez-cardona.biz|5|12|2023
290|Cornelio|Valdivia|Peña|becerraarturo@hotmail.com|1|12|2023
291|Adán|Figueroa|Pacheco|antonia00@club.com|3|12|2023
292|Óliver|Iglesias|Olmos|maria-del-carmen36@lebron.com|3|12|2023
293|Verónica|Soria|Ramón|octavio66@yahoo.com|3|12|2023
294|Antonio|Cisneros|Garrido|gchapa@corona.com|3|12|2023
295|Víctor|Preciado|Prado|tesparza@club.org|3|12|2023
296|Ana|Godínez|Salcedo|olucio@yahoo.com|3|12|2023
297|Yeni|Tello|Luna|fescamilla@laboratorios.com|3|12|2023
298|Eloisa|Bueno|Jaramillo|omarcovarrubias@hotmail.com|3|12|2023
299|Silvano|Mota|Alvarez|elias44@yahoo.com|4|12|2023
300|Benjamín|Núñez|Mejía|amador96@hotmail.com|4|12|2023
